Sentence 1,Sentence 2
A forest grew near the river. ,Many students came to study under the guru. 
A forest grew near the river. ,"First John joined the dinner table for a snack, but soon after he took a fork and knife, filled a plate and started eating. "
A forest grew near the river. ,"Mary opened the huge book at the first page. Before she knew it, she had read the whole thing. "
A forest grew near the river. ,Andy opened the window blinds to see the sun rising. The dark room was brighly lit in a few hours. 
A forest grew near the river. ,A large suburban community grew just outside the the metropolitan side of the city over the past few decade. 
A golden sun shines high in the sky.,The sharpest employees reach the top of the ladder.
Adam did not understand the root of the crisis.,The child could not reach the top shelf.
After letting off his rage he sat down like a lamb.,The weather finally became pleasant after the stormy week.
After letting off his rage he sat down like a lamb.,After crying the entire night she greeted everyone like sunshine.
After letting off his rage he sat down like a lamb.,A soft breeze blew after the gust of wind shook down the shacks.
After letting off his rage he sat down like a lamb.,"After the garden caught fire, there was nothing but ash left."
After letting off his rage he sat down like a lamb.,He lost all that energy after dancing off his sugar high. 
After working two years for the company she was burned out.,He collapsed after he ran for the marathon.
Ahab was a pyramid but I kept kicking at him.,The car hardly got scratched despite the rough terrain.
And now they were leaking all kinds of documents to the press.,The actors displayed every bit of their talent in the rehearsal to impress the director.
"By that time, my friend was broke, so he had to sell his house.","After losing half of the soldiers, they had no other option but to use the tank to fight."
Calm down - there's no need to get all steamed up about it.,"Stop running in circles, shorten the diameter and reach for the point!"
Computer science’s Nobel prize.,The Roger Federer of soccer.
David is a worm for what he did to Shelia.,The commis chef did a disservice to the restaurant by burning the bread.
David’s eyes were like daggers at Paul when Paul invited his new girlfriend to dance.,The news channels responded harshly as the celebrity couple filed for divorce.
Don't mention Tom 's promotion to Mike as it might offend him.,Research the idea in detail before presenting to the experts as any mistake would reflect poorly on your grades. 
Each blade of grass was a bayonet pointed firmly at our bare feet,Every cigarette you smoked is a threat to your health.
Every person has bitter memories,She has to deal with her past demons.
Fear had changed him to a shaken jelly.,The wave crushed the mountain into rolling stones.
He always had an interest for the fruit of knowledge,She kept imitating her favorite performer for the love of acting. 
He attacked every point in my argument,"Malcolm's impassioned voice was like a clap of thunder, startling everyone at the table."
It's hard to love with a broken heart.,A broken cup can no longer contain its coffee.
"She wanted to buy a dress in case someone asked her to the dance, but I told her not to count her chickens before they hatched.","He wanted to buy a big house and a car, but his father told him to get a job first."
"She wanted to buy a dress in case someone asked her to the dance, but I told her not to count her chickens before they hatched.","Mary started making vacation plans, but Garry told her she might not get leave till the project was done."
"She wanted to buy a dress in case someone asked her to the dance, but I told her not to count her chickens before they hatched.","Larry wondered of getting an autograph book in case he ran into a celebrity at the event, but Kevin told him he might not get an invite."
"She wanted to buy a dress in case someone asked her to the dance, but I told her not to count her chickens before they hatched.","Sarah wanted to paint the room to build a nursery, but John told her to wait for the adoption agency's decision."
"She wanted to buy a dress in case someone asked her to the dance, but I told her not to count her chickens before they hatched.","Sarah wanted to book the honeymoon tickets, but her friend told her to wait for the proposal."
The deal was finally in the bag after a few rounds of tough negotiations. ,The game was in the bag when the team scored their third goal.
The deal was finally in the bag after a few rounds of tough negotiations. ,"After months of hard campaigning, the elections were in the politician's bag"
The deal was finally in the bag after a few rounds of tough negotiations. ,The job was finally his after the last interview that went well.
The deal was finally in the bag after a few rounds of tough negotiations. ,"Everyone thought that he would lose, but he had gained control over the match once he put in a tremendous performance and rose triumphantly."
The deal was finally in the bag after a few rounds of tough negotiations. ,"Having received a lot of praise from the management, he had secured the promotion."
The project is going ahead as planned.,The employee carried out the proposal as discussed with the manager.
The water is flowing from a large beaker to a smaller one through a narrow pipe.,Lake Erie drains into Lake Ontario via the Niagara River.
The water is flowing from a large beaker to a smaller one through a narrow pipe.,The parent tries to instill bits of knowledge in their child through simple communication.
The water is flowing from a large beaker to a smaller one through a narrow pipe.,The stove’s heat quickly warmed up the little pan I put on it.
The water is flowing from a large beaker to a smaller one through a narrow pipe.,Part of the state budget comes from the federal government’s massive spending package.
The water is flowing from a large beaker to a smaller one through a narrow pipe.,My tiny daily coffee expenses are sucking up all my income.
There is no possibility of other intelligent life in the universe as no astronaut has seen an alien.,"Taking a cup, dipping it in the ocean, seeing there is no fish in your cup, and determining there is no fish in the entire ocean."
They were trying to be happy by accumulating possessions.,Getting more citations gives the graduate student hope about the impact of their academic work. 
Waves crashed against the rock. ,Suddenly she heard music. 
Waves crashed against the rock. ,The disoriented bird flew into the tree. 
Waves crashed against the rock. ,The corporation threw money into the problem. 
Waves crashed against the rock. ,He knocked the nail into the wall with a hammer. 
Waves crashed against the rock. ,Walking into the library she felt flooded with the knowledge of the countless books around her.  
You can't pour from an empty cup.,A falling tree cannot provide shade.
You can't pour from an empty cup.,An unlit candle can't be a source of light
You can't pour from an empty cup.,You can't write from an inkless pen.
You can't pour from an empty cup.,You can't drive a car with no fuel.
You can't pour from an empty cup.,one can't eat from a broken plate.
The father told the son that it was his way or the highway when the son came back home drunk.,The management made it clear that the employees had to be on board with the new policies or they would be let go.
The father told the son that it was his way or the highway when the son came back home drunk.,"The wife told the husband that since she is in charge of the kitchen, the family will eat what she makes or go hungry."
The father told the son that it was his way or the highway when the son came back home drunk.,The technical lead informed the team that they have to follow his ideas for the project to be completed without question or risk failure.
The father told the son that it was his way or the highway when the son came back home drunk.,I told my wife I will compromise on most of the things but on holidays I can do whatever I want.
The father told the son that it was his way or the highway when the son came back home drunk.,"It's the boss's way or the highway. If the workers cannot work for 20 hours a week, they can quit."
"In for a penny, in for a pound, we need to stay up all night and get the report done since we cannot turn it in half-finished.",I have decided to see the project through and I will do anything to get the work done.
"In for a penny, in for a pound, we need to stay up all night and get the report done since we cannot turn it in half-finished.","After the team’s defeat last season, they have decided to give it their all to win the title this season."
"In for a penny, in for a pound, we need to stay up all night and get the report done since we cannot turn it in half-finished.","`We probably should have stopped at that point,' Margaret says, `but we had already invested so much, and as they say, in for a penny, in for a pound.'"
"In for a penny, in for a pound, we need to stay up all night and get the report done since we cannot turn it in half-finished.",John burned the midnight oil nights after nights to get where he is today. He sacrificed and put in all the hard work needed.
"In for a penny, in for a pound, we need to stay up all night and get the report done since we cannot turn it in half-finished.",The director completed the film even without a salary and did everything in his power to get the film released.
I know that Christie is a beautiful girl but don't forget all that glitters is not gold.,The life of royals looks glamorous from afar but it is not as happy and fun as it looks.
I know that Christie is a beautiful girl but don't forget all that glitters is not gold.,"The journalist thought the life of the famous actress was extraordinary, only to realize later that it was not what it looks like."
I know that Christie is a beautiful girl but don't forget all that glitters is not gold.,The charming so-called CEO later proved to be the wrong choice to make a deal with. Turns out his promises were only empty words.
I know that Christie is a beautiful girl but don't forget all that glitters is not gold.,Kevin was worshipped by the new recruits to be the best player in the game. But when they met him they learned that the famous goal was just a fluke.
I know that Christie is a beautiful girl but don't forget all that glitters is not gold.,Mary often boasted of her rose garden to be the best garden in the city. But in reality it is nothing but ordinary.
"The drawing shows me at one glance, what a book can show me in many pages",I can just watch the adaptation instead of reading the 5 massive books the adaptation was based on.
"The drawing shows me at one glance, what a book can show me in many pages",Using a cigarette pack now contains a picture of diseased lungs is more effective than just the statutory warning message.
"The drawing shows me at one glance, what a book can show me in many pages",The manager asked the team to add more graphics for the presentation because it is easier to convey a lot through pictures.
"The drawing shows me at one glance, what a book can show me in many pages",It is better to use a map with directions than reading the instructions on how to arrive at the event.
"The drawing shows me at one glance, what a book can show me in many pages",Mary prefered to learn from the diagrams of the processes than from the notes describing them as they gave her a better idea.
"I would have preferred a house of my own rather than sharing, but beggars can't be choosers, I suppose.","That dress wasn't exactly what I would have picked for myself, but, hey, it was free, and I'm broke right now."
"I would have preferred a house of my own rather than sharing, but beggars can't be choosers, I suppose.","I asked Joe to lend me his bicycle, and he sent me this old, rusty one which I had to use as I had no other option."
"I would have preferred a house of my own rather than sharing, but beggars can't be choosers, I suppose.",I wanted to go out for dinner but we had no money so had to eat the left-over rice from last night. 
"I would have preferred a house of my own rather than sharing, but beggars can't be choosers, I suppose.",Mary wanted a big dog house for the dogs but Peter couldn't afford to build her one so she made one from the carboard boxes.
"I would have preferred a house of my own rather than sharing, but beggars can't be choosers, I suppose.","I would have preferred a bed, but beggars can’t be choosers so I slept on the sofa in the living room."
"You may not like your job, but don't quit merely on the hope of finding a better one.","He left his partner in hopes of finding his true love, only to realize that he already had it before."
"You may not like your job, but don't quit merely on the hope of finding a better one.","Better to eat the sweets we have as we know they taste good, than to wait for the new ones by the baker that are supposed to be better."
"You may not like your job, but don't quit merely on the hope of finding a better one.",I will use my old pan for cooking rather than experiment with the new utensil with fancy features.
"You may not like your job, but don't quit merely on the hope of finding a better one.",Lets just light the wood to keep us warm than to wait for the weather to warm up.
"You may not like your job, but don't quit merely on the hope of finding a better one.",Its better to water the garden using the fountain than to hope for rain to do it. 
"Make sure you take an umbrella – I know it's sunny now, but better safe than sorry.","To avoid burning your hands, use oven mitts when removing the cake, as it will be hot unlike how it is now. "
"Make sure you take an umbrella – I know it's sunny now, but better safe than sorry.","It is not that cold today, but I'd still go by car as I can't afford to get sick."
"Make sure you take an umbrella – I know it's sunny now, but better safe than sorry.","Don't be greedy, just take whatever they offer you as if you negotiate too much they might take the offer back."
"Make sure you take an umbrella – I know it's sunny now, but better safe than sorry.","Make sure the movie is funny, as the critics will rate it poorly if they don't laugh in the first 5 minutes."
"Make sure you take an umbrella – I know it's sunny now, but better safe than sorry.",Keep a jug full of water near the table in case you get thirsty at night as you won't be able to get it yourself because of your injured foot.
"As they say, every cloud has a silver lining. If we hadn't missed the plane, we would never have met you.","Had she had brought the chicken for the birthday party as planned, we wouldn't have got the chance to have the delicious pasta she made."
"As they say, every cloud has a silver lining. If we hadn't missed the plane, we would never have met you.",It is good that you didn't get to go to the party as I heard the neighbors called police and everyone got in trouble.
"As they say, every cloud has a silver lining. If we hadn't missed the plane, we would never have met you.",But if you look at the bright side you got to learn so much from the experience.
"As they say, every cloud has a silver lining. If we hadn't missed the plane, we would never have met you.","Even though we lost everything in the fire, I am grateful that we have each other."
"As they say, every cloud has a silver lining. If we hadn't missed the plane, we would never have met you.",The painter did not have the yellow color with him so had to paint with red making his painting famous for its unconventional choice.
A journey of a thousand miles begins with a single step.,We all begin our lives as a baby and slowly learn and grow.
A journey of a thousand miles begins with a single step.,"By writing simple code first, one can master the art of coding complex algorithms."
A journey of a thousand miles begins with a single step.,Her fitness journey began the day she set foot in the gym. She never looked back and now is a world class athelete.
A journey of a thousand miles begins with a single step.,The process of quitting smoking starts by going to the doctor.
A journey of a thousand miles begins with a single step.,Being persistent is all someone needs to learn how to take a stand and make firm decisions.
People work their hardest to attain something only when it is necessary for them.,As my project partner was sick I had to finish the entire assignment on my own by working day and night.
People work their hardest to attain something only when it is necessary for them.,I worked the whole week non stop because I had 5 deadlines and I couldn't miss any of them.
People work their hardest to attain something only when it is necessary for them.,Sally had to gather the strength to be the pillar of support for her parents when her only sibling passed away.
People work their hardest to attain something only when it is necessary for them.,David had to setup the entire system from scratch when the manager pressured him to do so for good reviews.
People work their hardest to attain something only when it is necessary for them.,Megan worked twice as hard and revised her basics when she was told to mentor two new members of the team.
It is not acceptable to do a bad thing just because someone else has done it.,It is not right to use the pen for gossip and rumors just because other media reportors are doing so.
It is not acceptable to do a bad thing just because someone else has done it.,Just because your father scolded you when he was angry doesn't mean you should do it too.
It is not acceptable to do a bad thing just because someone else has done it.,Your friend going to the spa instead of doing her homework doesn't mean you can do it too.
It is not acceptable to do a bad thing just because someone else has done it.,Sally spent the weekend relaxing following her sister's example. But it was not right as she had a lot of work to do.
It is not acceptable to do a bad thing just because someone else has done it.,Mary should not have started to sleep late at night because her favorite writer used to stay up late.
"Every evening, many drinkers get together in a bar near our home. You know, birds of a feather flock together.",I love to talk to people who know about computers because I enjoy learning about computers.
"Every evening, many drinkers get together in a bar near our home. You know, birds of a feather flock together.","Hey, Mom, I want to visit my grandmother’s house. I want to play with kids there as I am a kid too."
"Every evening, many drinkers get together in a bar near our home. You know, birds of a feather flock together.",The lawyers who attended the business seminar talked amongst themselves.
"Every evening, many drinkers get together in a bar near our home. You know, birds of a feather flock together.",The team is divided into people from the same region who scrimmage against each other. 
"Every evening, many drinkers get together in a bar near our home. You know, birds of a feather flock together.",All the people who spoke the same language were socializing together.
"It was a fantastic vacation, but all good things come to an end.","Sachin is said to be the best cricketer in the world, but like every other player, he had to retire."
"It was a fantastic vacation, but all good things come to an end.",The president served his term well and everything ran smoothly. But every good president has to leave at some point to make way for others.
"It was a fantastic vacation, but all good things come to an end.",The Bhagavat Geeta talks about how the elderly should pass responsibilities to the younger generation and prepare for the last phase of life with rest and less needs. This requires giving up the power of control and detaching from worldly things.
"It was a fantastic vacation, but all good things come to an end.",I wish the TV show never ended. It was so good but unfortunately the writers thought to end it at a good point like every other great series.
"It was a fantastic vacation, but all good things come to an end.",Good times fly so quickly. Like remember when we were carefree and happy as kids?
"She never bragged about her grades but secured the second position in the board exams. Truly, actions speak louder than words.","He never told her about his feelings but everytime he met her, he was caring towards her."
"She never bragged about her grades but secured the second position in the board exams. Truly, actions speak louder than words.",She posted a lot about her friendship with Mary on Instagram. But in reality they hardly had any bond as they were constantly on their phones when together.
"She never bragged about her grades but secured the second position in the board exams. Truly, actions speak louder than words.","He spoke about his guitar skills poorly, but when he played, his hard work showed through the music he produced."
"She never bragged about her grades but secured the second position in the board exams. Truly, actions speak louder than words.",Garry talked about how easily he managed the work stress. But his constant need of smoking told a different story.
"She never bragged about her grades but secured the second position in the board exams. Truly, actions speak louder than words.",Peter's parents said they were not good parents at all but they were always ready to spend quality time with their children showing they were really good parents.
"My daughter creates problems for my mom in the afternoon if she has nothing else to do. After all, an idle brain is the devil’s workshop.","With no homework to do, I spent the entire afternoon coming up with ways to annoy my brother."
"My daughter creates problems for my mom in the afternoon if she has nothing else to do. After all, an idle brain is the devil’s workshop.","After getting fired and having nothing else to do, Kate spent her days imagining schemes to get the boss fired."
"My daughter creates problems for my mom in the afternoon if she has nothing else to do. After all, an idle brain is the devil’s workshop.",Ron comes up with detailed and complex pranks because he is not given any responsibilities towards anything. 
"My daughter creates problems for my mom in the afternoon if she has nothing else to do. After all, an idle brain is the devil’s workshop.","Since he had nothing else to do during the break, he kept obsessing over his previous girlfriend."
"My daughter creates problems for my mom in the afternoon if she has nothing else to do. After all, an idle brain is the devil’s workshop.",The students created a mess in the class when there was no teacher to monitor.
Don’t judge people based on appearances alone; appearances can be deceptive.,"Don't let his clothes fool you. He may dress himself in simple clothes without logos, but he is actually a millionaire."
Don’t judge people based on appearances alone; appearances can be deceptive.,"Lexi looks like an innocent and clueless person, but she is one of the wisest people I have ever met."
Don’t judge people based on appearances alone; appearances can be deceptive.,"Claire always thought that Max was unkind and rude because of his choice of clothing. But once she learned how giving and sensitive he was, she was surprised."
Don’t judge people based on appearances alone; appearances can be deceptive.,"Jane may look like she doesn't understand you, but she's really extremely bright."
Don’t judge people based on appearances alone; appearances can be deceptive.,"Don't trust everything on the social media. It appears that people are having the best time of their lives, but remember, it can be fake."
"Don’t ignore the sudden malfunctioning of your car, just go to the garage. A stitch in time saves nine.",I think it’s better to compromise earlier instead of disputing later with your neighbour.
"Don’t ignore the sudden malfunctioning of your car, just go to the garage. A stitch in time saves nine.",Resolving small issues in relationships immediately may prevent bigger troubles down the road.
"Don’t ignore the sudden malfunctioning of your car, just go to the garage. A stitch in time saves nine.","If you had come earlier with your computer, it would have been possible to fix the malfunction. But now, you may need to buy a new one."
"Don’t ignore the sudden malfunctioning of your car, just go to the garage. A stitch in time saves nine.",You better bring your bike to the shop while it’s still running.
"Don’t ignore the sudden malfunctioning of your car, just go to the garage. A stitch in time saves nine.","It would have been okay if you had discussed the problem right then and there. Now, its too late and a lot of work is required to rectify this."
"If you don’t go to sleep early, you will wake up late. As you sow, so shall you reap.",How can you expect to get full marks if you didn't study for the test at all?
"If you don’t go to sleep early, you will wake up late. As you sow, so shall you reap.","Fred built an immense fortune by swindling others, but he lost it all when someone swindled him."
"If you don’t go to sleep early, you will wake up late. As you sow, so shall you reap.","He spent years trying to avoid paying taxes, and now he's facing nearly 10 years in prison for it."
"If you don’t go to sleep early, you will wake up late. As you sow, so shall you reap.",She has been talking trash about us all week to everyone. So I don't feel sorry for her now when her secrets are out in the open.
"If you don’t go to sleep early, you will wake up late. As you sow, so shall you reap.","Everything you do, everything you say, every choice you make, sooner or later comes back around."
"Sometimes I feel I should have gone for my master’s degree like you instead of this job. Well, the grass is always greener on the other side.",The lawyer left his profession to become an MBA graduate thinking it was better. Guess what? He is still struggling to find a job.
"Sometimes I feel I should have gone for my master’s degree like you instead of this job. Well, the grass is always greener on the other side.",John is rich and everyone is envious of his wealth. But he is also lonely as he has no one to share his life with.
"Sometimes I feel I should have gone for my master’s degree like you instead of this job. Well, the grass is always greener on the other side.",It looks like fun but it is actually a struggle to move to a different country. You should count your blessings.
"Sometimes I feel I should have gone for my master’s degree like you instead of this job. Well, the grass is always greener on the other side.","The life of a celebrity looks like they have it all, but in fact they have more problems than anyone can possibly imagine."
"Sometimes I feel I should have gone for my master’s degree like you instead of this job. Well, the grass is always greener on the other side.",She thought her neighbor's home was more attractive than her own when she turned to look at it. But she had no idea that it was more difficult to keep up.
"I don’t really like the colour of your car, but then, beauty lies in the eyes of the beholder.","She thinks he is the most attractive man in the world, even though to others he appears unremarkable."
"I don’t really like the colour of your car, but then, beauty lies in the eyes of the beholder.",The oldest laptop in the office is Lexi's. But she really enjoys using it.
"I don’t really like the colour of your car, but then, beauty lies in the eyes of the beholder.","Although many people dislike the color combination of orange and green, I believe it to be one of the best."
"I don’t really like the colour of your car, but then, beauty lies in the eyes of the beholder.","Many people fail to understand the beauty of mathematics. But to me, it is the most meaningful subject."
"I don’t really like the colour of your car, but then, beauty lies in the eyes of the beholder.","Although he isn't my favorite singer, my brother absolutely adores him."
"we have been waiting for you for 3 hours, but okay, it’s better late than never.","Even though it took me two weeks, I at least sent the letter."
"we have been waiting for you for 3 hours, but okay, it’s better late than never.",A friend of mine who had failed the 12th grade for the previous five years finally succeeded.
"we have been waiting for you for 3 hours, but okay, it’s better late than never.","I took three years instead of one to finish the training program, but at least I have the credential now."
"we have been waiting for you for 3 hours, but okay, it’s better late than never.",Clark took 10 years to propose to Cece. We all had lost hope but finally he came through.
"we have been waiting for you for 3 hours, but okay, it’s better late than never.","Even though the mistake was obvious to her a week after the incident, she finally apologized and confessed two years later."
"I had a party to attend, but I still chose to stay home because my grandmother was sick. As they say, ""blood is thicker than water.""","My brother wanted to play with me, so I decided to stay with him instead of going out with friends."
"I had a party to attend, but I still chose to stay home because my grandmother was sick. As they say, ""blood is thicker than water.""",I spent the weekend helping my mother instead of going out with friends because she needed my assistance with her work.
"I had a party to attend, but I still chose to stay home because my grandmother was sick. As they say, ""blood is thicker than water.""","Because Kevin was her brother, she chose to vote for him over the more deserving candidate."
"I had a party to attend, but I still chose to stay home because my grandmother was sick. As they say, ""blood is thicker than water.""","Grandmother used to advise families to stick together during trying times, regardless of who is right or wrong."
"I had a party to attend, but I still chose to stay home because my grandmother was sick. As they say, ""blood is thicker than water.""","Lexi decided to be there for her sister when she was unwell, instead of going to a friend's wedding."
"Don’t invest all your money in the stock market, you should never put all your eggs in one basket.",It would be better if you applied to several companies instead of just one. 
"Don’t invest all your money in the stock market, you should never put all your eggs in one basket.","He was depending heavily on the success of his venture, but when it failed, he was ruined. He realized that he should have backup plans."
"Don’t invest all your money in the stock market, you should never put all your eggs in one basket.",It is important to keep learning new skills and not depend on one skill for your career. As new technology keeps coming up and current skills might be useless in the future.
"Don’t invest all your money in the stock market, you should never put all your eggs in one basket.","Keep your options open, do not confirm your major yet. Explore a few subjects this semester, and then choose the best one for yourself."
"Don’t invest all your money in the stock market, you should never put all your eggs in one basket.",Having different social groups is a good idea so that you can enjoy all the things you like with different kinds of people.
We should go early to the boutique on the day of their sale to get the best stuff. The early bird catches the worm!,We should submit the courses we want to register as early as possible so that we can get a seat.
We should go early to the boutique on the day of their sale to get the best stuff. The early bird catches the worm!,"When the site was just discovered and undeveloped, Larry was able to purchase the home for a low price. The price has risen to the point where even Will cannot afford it."
We should go early to the boutique on the day of their sale to get the best stuff. The early bird catches the worm!,"As only the worst eggs remain at the end, we should arrive at the farmers market early and purchase the best batch."
We should go early to the boutique on the day of their sale to get the best stuff. The early bird catches the worm!,"You must go immediately if you want to meet with the Senate. Otherwise, you'll struggle due to the traffic."
We should go early to the boutique on the day of their sale to get the best stuff. The early bird catches the worm!,"Between six and eight in the morning is when most of the museum visitors arrive. So, you should come one hour before then to avoid the crowd."
"College life is the best time of your life, enjoy it while it lasts.","You wouldn't have these options once you move across the country, so work hard while you are here."
"College life is the best time of your life, enjoy it while it lasts.","When the season changes, we won't have access to such delicious mangoes. So, devour them."
"College life is the best time of your life, enjoy it while it lasts.",Enjoy the honeymoon period of your marriage as much as you can before it passes.
"College life is the best time of your life, enjoy it while it lasts.",Don't consider work or stress when on vacation. Have fun; you'll only be gone for a week.
"College life is the best time of your life, enjoy it while it lasts.",Be thankful for the sunshine this summer because it only appears briefly during the winter.
"Don’t lie to land a job, remember that honesty is the best policy.",Working honestly and completely helps you stay out of problems in the long run.
"Don’t lie to land a job, remember that honesty is the best policy.","Politicians frequently tell lies, which gets them into problems. They could win election after election if they would just be sincere about their aims."
"Don’t lie to land a job, remember that honesty is the best policy.","Jane advised a worried Jill that she would feel better after owning up to the mistake."
"Don’t lie to land a job, remember that honesty is the best policy.","Liam lied to get into the school; Lary did not. Liam had a difficult time trying to hide the deception as a result. But unlike Liam, Lary did not have to worry about anything else, so he had a terrific time."
"Don’t lie to land a job, remember that honesty is the best policy.","You should tell your mother the truth about the vase, as it would relieve you of the stress."
"Don’t rush through your assignment, remember haste makes waste.",Larry always starts the work without reading the requirements and tries to finish it early as well. This leads to others having to fix his work.
"Don’t rush through your assignment, remember haste makes waste.","Kim checked the papers in a rush so that she can have more free time. But, now she needs to redo them as half of the class complained."
"Don’t rush through your assignment, remember haste makes waste.",The presentation was such a mess! The presenters tried to convey a lot of information in such a short time that there was no clarity.
"Don’t rush through your assignment, remember haste makes waste.","These files require a throrough look, don't skim through them quickly."
"Don’t rush through your assignment, remember haste makes waste.",It's never a good idea to rush through things. Remember to talk a slowly so that others can understand.
"Walter failed his exam, but his father only responded, ""Son, don't cry over spilt milk,"" when he arrived.",There is no point in regretting your approach after you've had the interview. Move on to the next one.
"Walter failed his exam, but his father only responded, ""Son, don't cry over spilt milk,"" when he arrived.","Larry was upset even after months of breaking up with Samantha. So, Mary, his sister finally told him that there is no point in dwelling over it since Samantha has moved on."
"Walter failed his exam, but his father only responded, ""Son, don't cry over spilt milk,"" when he arrived.","When Juli's favorite tree was down, her father created a painting of it and said there was nothing else they could do."
"Walter failed his exam, but his father only responded, ""Son, don't cry over spilt milk,"" when he arrived.","I know you didn't mean to break my phone, so please stop feeling so guilty about it."
"Walter failed his exam, but his father only responded, ""Son, don't cry over spilt milk,"" when he arrived.","We missed the bus, but it serves no use to be angry about it right now, so let's walk."
"I can see that you are beside yourself with joy at being selected for the job, congratulations.",Rory could see the happiness on her mother's face when her brother called after ages.
"I can see that you are beside yourself with joy at being selected for the job, congratulations.",The teacher was overjoyed that he had finally succeeded in explaining the complex topic for the students.
"I can see that you are beside yourself with joy at being selected for the job, congratulations.",Samantha was more than happy when she realised David had kept her trust by not going to the event.
"I can see that you are beside yourself with joy at being selected for the job, congratulations.",Congratulations that your kid just graduated middle schoool! You must be filled with pride and joy.
"I can see that you are beside yourself with joy at being selected for the job, congratulations.",The incharge was overjoyed to see that the floor had finally been cleaned properly by the new hire and was no longer slippery.
"Brian kept quiet at the board meeting, who knew he had an Ace hidden up his sleeve the whole time.","The savvy politician had a secret plan that could make him win. At the last moment, he revealed a scandalous secret about his opponent."
"Brian kept quiet at the board meeting, who knew he had an Ace hidden up his sleeve the whole time.","The opponents are ignorant of my greatest asset, which is my stamina. The other runners have no chance at all!"
"Brian kept quiet at the board meeting, who knew he had an Ace hidden up his sleeve the whole time.",I've heard that the defense lawyer has a fresh eyewitness who was previously unknown.
"Brian kept quiet at the board meeting, who knew he had an Ace hidden up his sleeve the whole time.",They think they’ve won the contract but we’ve still got a couple of ideas to win it back.
"Brian kept quiet at the board meeting, who knew he had an Ace hidden up his sleeve the whole time.",She cannot be dismissed because she is aware of the boss's shady business dealings.
"They don’t talk about Olive anymore, turns out he was the Black sheep of the family, he married someone else while he was still engaged to his fiancé.",Sandy is the only one who doesn't show up to the dance class and one of us is always without a partner because of it.
"They don’t talk about Olive anymore, turns out he was the Black sheep of the family, he married someone else while he was still engaged to his fiancé.",Jim is the only one of us who has engaged in any sort of criminal activity. Only Jim has ever spent time in jail when he was younger.
"They don’t talk about Olive anymore, turns out he was the Black sheep of the family, he married someone else while he was still engaged to his fiancé.","Everyone likes me because I'm so quiet and obedient. The same cannot be said for my wild cousin Nathan, who always lands himself in trouble."
"They don’t talk about Olive anymore, turns out he was the Black sheep of the family, he married someone else while he was still engaged to his fiancé.","The A team is the best one as it has the best players except Ron, who often negates the others' efforts."
"They don’t talk about Olive anymore, turns out he was the Black sheep of the family, he married someone else while he was still engaged to his fiancé.","All the songs on her album are amazing, but the last one is the one that ruins the vibe."
"I have set my mind to go through the spreadsheets by Monday and I am working for it Hook, line and sinker.",I am determined to cook the Thanksgiving dinner from scratch this time no matter how difficult it is. 
"I have set my mind to go through the spreadsheets by Monday and I am working for it Hook, line and sinker.",Harry prepared tirelessly for the final race and put in each and every ounce of energy he had into the training.
"I have set my mind to go through the spreadsheets by Monday and I am working for it Hook, line and sinker.",Sally was adamant and stubborn about her religious beliefs and went through with the ceremony with full conviction.
"I have set my mind to go through the spreadsheets by Monday and I am working for it Hook, line and sinker.",I was completely against nationalization. I resisted it wholeheartedly even though I became quite unpopular in the process.
"I have set my mind to go through the spreadsheets by Monday and I am working for it Hook, line and sinker.",Larry was so attached to the idea of working for Frank that no other employer could convince him otherwise.
I hold it against him for not treating me with respect. ,I am mad at Kim for not being there for me at my wedding.
I hold it against him for not treating me with respect.,I cannot forgive Nick for how he insulted me that day at the party.
I hold it against him for not treating me with respect.,Sam decided not to engage with Peter in a friendly manner anymore after he made fun of her about her insecurities.
I hold it against him for not treating me with respect.,Karen is upset with Sandy for not telling her about her plans for the summer.
I hold it against him for not treating me with respect.,Mary stopped talking to Amy because of the way she spoke to her last time.
"Lester made the dance team by the skin of his teeth since the audition was about to be closed.","While people believed it was impossible to escape from the secret police, Peter somehow managed to do so successfully, albeit a bit close for comfort. "
"Lester made the dance team by the skin of his teeth since the audition was about to be closed.",The group managed to finish the project just in time and submitted the report two minutes before the deadline.
"Lester made the dance team by the skin of his teeth since the audition was about to be closed.",He made the final cut to the university just by a small margin.
"Lester made the dance team by the skin of his teeth since the audition was about to be closed.",He slipped at the edge of the cliff but managed to hold on to the rock and was saved just in time.
"Lester made the dance team by the skin of his teeth since the audition was about to be closed.",Phill won the game but the opponent was just as good and also close to victory.
My pet dog is down for the count after playing the whole day with the frisbee.,Their company is so debt-ridden due to poor management that I think it's safe to say they're about to go bankrupt.
My pet dog is down for the count after playing the whole day with the frisbee.,"On his last birthday, Mike's friend gave him so much to drink that passed out before midnight."
My pet dog is down for the count after playing the whole day with the frisbee.,She got very sick when the season changed so she will be doing nothing but resting during the weekend.
My pet dog is down for the count after playing the whole day with the frisbee.,"Since they all did not sleep much the last week due to deadlines, they have been sleeping for more than ten hours a day these days."
My pet dog is down for the count after playing the whole day with the frisbee.,Monica cooked so much food last weekend in the restaurant that she had to take a leave to rest on Monday.
"Listen, losing weight is easier said than done, many people lack commitment.",It looks easy but it is very hard to drive a car in this traffic. Only experienced drivers can navigate this chaos.
"Listen, losing weight is easier said than done, many people lack commitment.","It takes a lot of effort to write a novel, so do not think writers do nothing worthy."
"Listen, losing weight is easier said than done, many people lack commitment.",Victor thought acting is an easy and useless job until he joined a theater class and performed for the first time. He realised it is an art form not everyone can master.
"Listen, losing weight is easier said than done, many people lack commitment.",To teach a class of even 10 students can be daunting for a first-timer. It needs a lot of dedication and preparation to explain ideas in simlest of forms.
"Listen, losing weight is easier said than done, many people lack commitment.",It requires a tremendous amount of focus and discipline to clear the entrance exam. Not everyone can pass it.
"I am absolutely terrified of skydiving, but I think once in my life, I will give it a whirl.",I am afraid of walking on the streets at night but I think I will give it a try soon.
"I am absolutely terrified of skydiving, but I think once in my life, I will give it a whirl.",Sam is scared of speaking to strangers but she wants to build up the courage and try it out.
"I am absolutely terrified of skydiving, but I think once in my life, I will give it a whirl.","Frank has never tried to write a computer program before as he finds computers daunting. But last time we met, he said he will go for it."
"I am absolutely terrified of skydiving, but I think once in my life, I will give it a whirl.","My sister cannot sleep in a dark room due to her fears, but she wants to challenge herself someday."
"I am absolutely terrified of skydiving, but I think once in my life, I will give it a whirl.","Sally has never been to the gym as she is afraid of lifting weights, but lately she's been showing interest and said she will start soon."
"When Chris turned forty, he decided to live his life in the fast lane and quit his job for his hobbies.","After years of working as a lawyer, Smith decided to quit and open a youtube channel for his singing videos."
"When Chris turned forty, he decided to live his life in the fast lane and quit his job for his hobbies.","Once she got bored and tired with the same old job, she decided to leave and opened a restaurant."
"When Chris turned forty, he decided to live his life in the fast lane and quit his job for his hobbies.",She worked for weeks on the project and got so exhausted that she decided to go on a vacation for a month.
"When Chris turned forty, he decided to live his life in the fast lane and quit his job for his hobbies.","Post graduation, Emily decided to not go for any jobs but instead chose to travel and paint for enjoyment."
"When Chris turned forty, he decided to live his life in the fast lane and quit his job for his hobbies.","When he finally started earning after years of struggle, Alex spent all his money on parties and drinking as he wanted to enjoy his life now."
The baby looks as snug as a bug in a rug next to her mother.,Sally always gets so happy and comfortable whenever Sharon is around.
The baby looks as snug as a bug in a rug next to her mother.,Jimmy felt comforted and reassured after speaking with the professor about what courses to take next semester.
The baby looks as snug as a bug in a rug next to her mother.,Frank finally had a good sleep in his childhood bed when he returned to the familiarity of his home country after years of working in different lands. 
The baby looks as snug as a bug in a rug next to her mother.,Linda's demeanor changes whenever her husband is around. It is like he is the one who brings the best side of hers out. She is herself with him.
The baby looks as snug as a bug in a rug next to her mother.,Sally owns a pet dog; the dog is more comfortable with Sally's father than anyone else.
"He always argues on the silliest topics, it’s like he can’t see wood for the trees.",The congressman became so involved in the wording of his bill that he did not realize that the bill could never pass.
"He always argues on the silliest topics, it’s like he can’t see wood for the trees.",The way he's obsessing over one doorknob when we're renovating the entire house makes me think that he can't see the larger picture.
"He always argues on the silliest topics, it’s like he can’t see wood for the trees.","The way the book is written, I get distracted by the peculiar grammar and word choice and can't learn anything from it."
"He always argues on the silliest topics, it’s like he can’t see wood for the trees.",He is so engrosed in his work that he is missing out on his personal life and his family. 
"He always argues on the silliest topics, it’s like he can’t see wood for the trees.","Often times, in the interest of reaching the destination, we forget to experience the journey."
"Listen to the news straight from the horse’s mouth, his factory burned down right in front of his eyes.","Lets meet him and ask about the robbery. Since he is the one who was robbed, it would be much more thrilling to hear."
"Listen to the news straight from the horse’s mouth, his factory burned down right in front of his eyes.",I want to attend the lecture as it will be delivered straight from the pioneer of the subject.
"Listen to the news straight from the horse’s mouth, his factory burned down right in front of his eyes.",Let Mike share the incident with you as he is the one who went through it and will be able to give enough details.
"Listen to the news straight from the horse’s mouth, his factory burned down right in front of his eyes.",He was called on national television to talk about his crimes for everyone to listen directly from the serial killer.
"Listen to the news straight from the horse’s mouth, his factory burned down right in front of his eyes.",Let Sam share the story of the movie herself as she was the one who went to watch it.
This shopkeeper always palms off old stock to the customers.,She tried to handover the hardest part of the assignment on me as some kind of special challenge so that she doesn't have to do it.
This shopkeeper always palms off old stock to the customers.,There are always guys trying to fraudulently sell cheap watches as Rolexes in this part of town.
This shopkeeper always palms off old stock to the customers.,Victor from school is always trying to sell old coins to me saying they are rare and valuable.
This shopkeeper always palms off old stock to the customers.,"The filmmaker is continuously assuring new producers that if they pay him generously then he would make the best-selling movie, without the intention of ever creating one."
This shopkeeper always palms off old stock to the customers.,The salesman always tries to sell a zircon as a diamond to naive customers.
"Please don’t bother me today with any calls, I have bigger fish to fry.","Whenever Tom had an important event to plan for, he would not meet any of us and worked with full focus."
"Please don’t bother me today with any calls, I have bigger fish to fry.","Ramos decided to finish writing the novel over the weekend, so he went to the cabin where no one could disturb him."
"Please don’t bother me today with any calls, I have bigger fish to fry.","The doctor had an important surgery the next day, so he asked not to be disturbed by the staff."
"Please don’t bother me today with any calls, I have bigger fish to fry.",Philip needed an entire day of focus to finish the project that he switched off all of his devices.
"Please don’t bother me today with any calls, I have bigger fish to fry.","My mother had an important conference to prepare for, so she refused to entertain our day to day rants and fights."
"You can’t just sell all of your shares when the market is low, look before you leap, Trump is coming tomorrow, it is possible the shares will grow.",It is better to gauge others before taking such political stands these days. You never know who is on your side and who will cause you harm for it.
"You can’t just sell all of your shares when the market is low, look before you leap, Trump is coming tomorrow, it is possible the shares will grow.","People in the village say that the house is haunted by the ghost of the lady that lived here many years back. So, my father should wait before buying it and take more opinions from different people."
"You can’t just sell all of your shares when the market is low, look before you leap, Trump is coming tomorrow, it is possible the shares will grow.",Garry started investing his money and time in creating a small garden for himself during off season. He should have been more aware and planned it during the spring and summer season when it's easier to see results.
"You can’t just sell all of your shares when the market is low, look before you leap, Trump is coming tomorrow, it is possible the shares will grow.",No need to take so much work this quarter when performance wouldn't affect appraisals. Work more in the next 2 quarters when the management will actively focus on it.
"You can’t just sell all of your shares when the market is low, look before you leap, Trump is coming tomorrow, it is possible the shares will grow.",Samantha should not spend all her savings on the flight tickets during the holidays. She should wait and check after a few months when the prices are low. 
"Andy played hooky from work for a week saying he was sick, now he is on very thin ice according to his boss.",The manager saw that Silvy was passing on her clients for hair appointments to other professionals but was showing up for tips; she decided to fire her the next time.
"Andy played hooky from work for a week saying he was sick, now he is on very thin ice according to his boss.","Soon after, Garry realized that Hannah was avoiding making the presentation by pretending to be occupied by personal issues, he planned to approach her about it if she repeated it again."
"Andy played hooky from work for a week saying he was sick, now he is on very thin ice according to his boss.",Philip avoided the chores by pretending to be busy until his mother realised he had no work and made him do the chores all week.
"Andy played hooky from work for a week saying he was sick, now he is on very thin ice according to his boss.","The group had lied about one of them being out of town to avoid the meeting, but the professor could tell otherwise and noted to cut their marks on the project."
"Andy played hooky from work for a week saying he was sick, now he is on very thin ice according to his boss.",The teacher decided to punish Amy because she gave the excuse of her dog eating her homework for not submitting it on time.
"He told his wife that he doesn’t want to rain on her parade, but they had to shift their vacation dates.",I hate to inform you that your A in chemistry was actually a clerical error.
"He told his wife that he doesn’t want to rain on her parade, but they had to shift their vacation dates.",I'm sorry to disappoint you but you're not allowed to have alcohol on the premises.
"He told his wife that he doesn’t want to rain on her parade, but they had to shift their vacation dates.","I am sorry, but you would have to present your work before you can go for the vacation."
"He told his wife that he doesn’t want to rain on her parade, but they had to shift their vacation dates.",The company was apologetic for not being able to pay the holiday bonus to employees.
"He told his wife that he doesn’t want to rain on her parade, but they had to shift their vacation dates.",I do not want to spoil your mood but I have to babysit my nephew today.
She's a representative of California for crying out loud! How have you not heard of her?,Don't you know he is the president of the United States?!
She's a representative of California for crying out loud! How have you not heard of her?,I cannot believe you don't know who Cristiano Ronaldo is! He is one of the greatest football player alive.
She's a representative of California for crying out loud! How have you not heard of her?,Show some respect to your professor! He is a legend in his field.
She's a representative of California for crying out loud! How have you not heard of her?,He is the winner of three Grammy awards for god's sake! People consider him to be the god of rap. 
She's a representative of California for crying out loud! How have you not heard of her?,"For Christ's sake, how could you forget about our honeymoon?"
"She knows he's lying to her, but she's choosing to turn a blind eye to the situation.","Garry knows he is underpaid, but he chooses not to focus on it as he is more than happy to have a job."
"She knows he's lying to her, but she's choosing to turn a blind eye to the situation.","Sally is not clueless about her situation with Scott, she has just decided to be with him despite the circumstances."
"She knows he's lying to her, but she's choosing to turn a blind eye to the situation.","He knows Rick is not a good friend and is only after money but does not have a problem with it."
"She knows he's lying to her, but she's choosing to turn a blind eye to the situation.","The professor knows the students mostly copied the homework, but is choosing not to be strict about it."
"She knows he's lying to her, but she's choosing to turn a blind eye to the situation.","Geremy is aware that Lizy is not doing well, but he is avoiding her."
"Now that we're friends, we can let bygones be bygones","Since both of our favourite teams have lost, lets enjoy the world cup together and not fight."
"Now that we're friends, we can let bygones be bygones",Lets forget what happened and work on the project together.
"Now that we're friends, we can let bygones be bygones",The brother and sister decided to stop the fight and decided to be cordial again.
"Now that we're friends, we can let bygones be bygones",The war was finally over and the countries decided to maintain cordial relations with eachother.
"Now that we're friends, we can let bygones be bygones",The parents realised their love for each other and did not go through the divorce. They have been living happily ever since. 