Index,Sentence1,Sentence2,Story1,Story2
0,A forest grew near the river.,Many students came to study under the guru.,"Once upon a time, nestled at the elbow of a lazy, winding river, a dense forest unfurled, spreading its serenity around. The majesty of this world of towering giants, entwined with the essence of hallowed secrecy, took the breath away. Murmurs of a millennia-old wisdom hummed through the twisted branches, reaching every corner of the woodland tapestry. Fingers of emerald leaves stretched towards the caress of the sun's dying glow and seemed to tickle the underbelly of the cyan sky. Playful giggles of shimmering light spilled from the thick verdant canopies, casting down dappling smiles onto the welcoming carpet of mossy undergrowth below. Motherly trees arch over the river, reflect their likeness onto the glass-like surface, creating beautiful symmetrical images. This ethereal harmony between the meandering river and the timeless forest sung a breathtaking ballad of Mother Nature herself; a story painted across the tranquil tableau of raw, untouched beauty. This charming river and its enchanting forest offered more than a visual feast—it offered a spiritual journey, for those with the patience to listen, into the mystic whispers of the universe.
","Beneath a haloed moon, in whispering dusk,
Many students came, silently, the spiritual game to play.
To a wise old guru they placed their trust,
His insights, like torchlight cutting the misty fray.
They yearned for truth and wisdom's key,
To journey beyond ignorance and mind's wall,
Each voice, a quest, desiring to be free,
Found silence's solace in the ashram's hall.
Over cups of sacred tea and by the glow of sages past,
Lessons learned under the guidance of guru vast."
1,A forest grew near the river.,"First John joined the dinner table for a snack, but soon after he took a fork and knife, filled a plate and started eating. ","Just envision the soothing paradise where a forest grew near the river, a spectacle of nature that is all too rare and delicate. Imagine the dense blanket of emerald green trees stretching as far as the eye could see, intermingling with the sparkles of the azure river flowing alongside. Their symbiotic relationship is not just pleasing to the eye, but is a vibrant ecosystem providing solace to the magnificent creatures it houses. Consider the whispering leaves, gently kissed by the wind, the mirrored river effortlessly singing a lullaby for a tranquil night's rest. Don't we all deserve the sheer pleasure of walking through that verdant blanket, our heart throbbing with the feel of life that courses through the nature surrounding us? The meandering river is much like the serpentine paths we encounter in life, full of turns, swift in pace, reflecting the sky above and enhancing our learning and comprehension. Such bounties of nature need preservation, they're the heritage we need to gift our future generations. Let us work collectively in conserving such resources. A sustainable lifestyle can serve as the root of such action.","In the early evening hours, John had originally planned to have a light nibble during his family dinner, intending only to share in the social engagement rather than a hearty meal. John wasn't particularly hungry to start, he'd had a late lunch that had more or less satiated his hunger for the day. So initially, he slid into his regular place at the end of the dinner table for a modest snack, anticipating an early retreat to his post-dinner responsibilities. Nevertheless, his self-restraint seemed to melt away as soon as his fingers wrapped around the familiar silver cutlery.

The second he felt the cool, reassuring weight of the fork and knife in his hands, an undeniable desire began stirring in his stomach. Against his own early assumptions, John found himself eyeing the hearty array of steaming dishes that adorned the long, oak table before him. Enticed, he filled a plate with savory foods, unable to resist the allure of perfectly roasted meats, warm home-baked bread, and the rich aroma of garden-fresh vegetables and seasoned gravies. John surrendered to the culinary temptation, picking up his utensils, and slowly starting to eat, tasting the tangy, sweet, and spicy flavors exploding in his mouth. His planned evening, that was supposed to consist only of a brief snack at dinner table, became an impromptu, satiating feast."
2,A forest grew near the river.,"Mary opened the huge book at the first page. Before she knew it, had read the whole thing. ","Deep in the serene countryside, an expansive forest flourished beside a pristine river. Its biodiversity made it a vivacious cradle of life, housing various flora and fauna thriving in harmonious balance. Over decades, the fertile loam of the river banks has generously gifted the forest a myriad of hardwood species such as oak, maple and walnut. On a closer scrutiny, this vast ecosystem revealed an impressive labyrinth of interaction. There was a potent juxtaposition of soaring deciduous trees and petite, fragrant bushes flourishing near the water's edge, leveraging its nutrient rich deposit. In the canopied confines of this forest, bird species congregated, filling the verdant expanse with their melodic symphonies. At nighttime, nocturnal animals took over the reign, exhibiting an entirely different aspect of this sylvan habitation. The symbiotic relationships and mutualisms amidst this tranquil forest not only showcase the incredible intricacies of nature but also point to the essential roles rivers often play in maintaining and supporting biodiversity.","With a mysterious anticipation tinging the air around her, Mary gently creaked open the massive tome, revealing the inaugural page. It looked older than time itself, cradled within her petite fingers that trembled slightly. Captivating words were scripted across the pages in a fascinating array, quickly gripping Mary's attention like a moth lured by the temptation of an irresistible flame. Each successive page lured her deeper into the intriguing world the author masterfully painted with his whimsical expressions. Mary lost herself, adrift in a maze of stories, traveling across magical kingdoms, thriving metropolises, and sparkling stardust strewn cosmos. Time dissolved around her, no longer tethering her to reality. Incredibly, almost inconceivably, the last page turned, signaling the end of her extraordinary journey. Mary sat back, dazed and slightly bereft. In a mystic haze, it was as though she'd lived through eons within the brief compass of a single night. With the book completed, a tinge of sadness washed over her as she realized her adventurous reading marathon was at an end."
3,A forest grew near the river.,Andy opened the window blinds to see the sun rising. The dark room was brighly lit in a few hours.,"The sense of peace and tranquility surrounding a locale is often tethered to its natural attributes. In the instance of the forest growing near the river, it’s as if nature itself decided to stitch a portrait of surreal beauty. Majestic trees looming in rich green hues create a delightful backdrop, their serene rustling harmonizing with the burble of the slowly streaming river. Moreover, the position of the river gifts the forest with the verve that only water can provide; the flourish of varied flora and the proliferation of wildlife around this particular forest landscape is a testament to its ecological bounty. It's also enchanting how each morning, wisps of gentle fog would blur the boundary between river and forest, rendering an ethereal vision. As the seasons roll in and out, this nearby river presents itself differently - sometimes overflowing with vigorous life, other times emanating tranquility in the crispness of winter, leaving a visually-stimulating impact on the forest and visitor alike. More than a destination for recreational exploration, this location swells as a love letter from mother nature, charming those lucky enough to stumble upon this intertwined duet of the forest and river.","Andy, an avid enthusiast of nature, initiated his day by pulling the blinds open to view the sensational spectacle of the sunrise. A beautiful orange hue played with the sky, while he relished the metamorphosis of the dark surroundings slowly filling up with light. His abode, until a moment ago, had been a realm of darkness, transcending into a dimly lit sanctuary under the moon's sallow touch. But with the coming of dawn, the room transformed dramatically.

As time drifted, and the sun assumed a loftier position in the sky, the early soft warm colors melted away into a brilliant, iridescent sunlight. No longer did Andy's room carry an ambiance of silence and mystique of the night. Instead, it embraced the liveliness and vivacity of daylight. Illuminated brightly within a few hours, it was a witness to the wonderful transition between night and day that one often overlooks in the hustle and bustle of daily life. Such was Andy's morning ritual - to not just watch, but appreciate the beauty and charm in each passing moment, marking the end of darkness and the advent of light."
4,A forest grew near the river.,A large suburban communtiy grew just outside the the metropolitan side of the city over the past few decade.,"Once upon a time, a flourishing forest grew near the serenity of a twinkling river. The forest was alive with tall trees brushing against the azure heavens above and with the bustle of woodland creatures going about their daily business. The river, gently meandering past the wood's edge, echoed tranquility in each of its splash and burble. Often, under the shadow of an ancient oak tree, a quiet fawn came to lap water under the doting gaze of its mother. Every sunrise, swallows came swooping low, scattering droplets of pure radiance across the river and forest.

However, this peace was occasionally interrupted when the river swelled under the silver gray rain clouds, reminding everyone of her indomitable existence. She would rush along, sweeping away fallen leaves and forcing little creatures to take shelter. And when calmness resumed, it often left the forest reborn, with crisper air and richer soil. Yes, this remarkable place was a scene from a timeless watercolor, a union of a magnificent forest and a mystical river; silent spectators of many lifetimes. The forest near the river was more than mere trees and water; it was a little haven, a beating heart pulsating with countless stories yet to unfold.","Over the past several decades, a large suburban community burgeoned just outside the metropolitan area. The influx of suburbanites cultivating their dreams created an eclectic mix of urban convenience with suburban serenity. Packed with modish amenities and green spaces, this new residential oasis, flush against the thriving, bustling city, attracts a fascinating mixture of professionals, creatives, and families. Every brick that builds their houses seems to be a story waiting to unravel of people that brought forth development.  

Strikingly, this burgeoning locale flawlessly marries the urban delights of the neighboring metropolis with the verdant serenity typical of the suburban idyll. Today, this formerly quaint rural expanse holds multifarious establishments from trendy shops to dining establishments that add to its appeal. I marvel at how gracefully the suburbia metamorphosed over the years. The integration of contemporary living standards on the verge of a metropolitan region tells the remarkable tale of city expansion in its own unique and extraordinary narrative."
5,A golden sun shines high in the sky.,The sharpest employees reach the top of the ladder.,"The world comes alive when the golden sun shines high in the sky. It signals the beginning of a brand new day, encouraging the inhabitants of the earth to emerge from their slumber and start their daily activities. Its intense illumination unfurls the brilliance of colors around; the blues become bluer and the greens get greener. With every minute passing under the sunshine, plants photosynthesize more energetically, producing a clean, oxygen-rich atmosphere. Children in their gardens, revel in this vivacity, as the sun aids their joyful games by providing ample light. Despite the scorching heat it brings in midday, humanity cherishes this supreme source of energy, relying heavily on it for warmth, light and sustenance. Towards the evening, as the golden sun begins to descend, it paints the sky with hues of orange and pink, eventually plunging the world into darkness, until it returns again to continue the cycle. So, the presence of the golden sun high in the sky has significant effects on Earth and its inhabitants, directly and indirectly.","In the world of highly competitive corporate landscapes, only the most perspicuous and sharp-minded individuals attain top-tier positions - the metaphorical 'top of the ladder.' These elite employees utilize an array of both technical expertise and savvy leadership traits, staying consistently committed to the innovation and excellence their positions require. However, reaching the apex of this professional ladder doesn't simply imply the grasping of lofty titles; it's a multifaceted process requiring the polishing of industry-specific knowledge and continuous learning. Career advancement, after all, involves solving complex challenges, managing disparate teams, and developing strategies that set the path of organizational growth. Cutting-edge technological literacy, the ability to handle office politics effectively, and strategic acumen play instrumental roles in this ascent. These successful professionals also balance exceptional interpersonal skills with results-driven work ethics, augmenting both team performance and personal growth. Ergo, only the sharpest of employees make it to the top, a testament to their diligent hard work, sharp acumen, and adaptability."
6,Adam did not understand the root of the crisis.,The child could not reach the top shelf.,"In the heart of an international financial firm, Adam, the lead software engineer, was in an outright state of confusion. A significant software glitch had occurred, triggering a financial crisis that was leaking substantial company resources. Unexpected transactions started to spiral out of control as the malfunctioning software began distorting fiscal numbers dramatically. Despite his impressive expertise and technical prowess, Adam did not understand the root of the crisis. 

All attempts to uncover the source of the catastrophic software failure had led to more questions than answers. From his preliminary diagnostics, the codebase for their software systems appeared to be robust, showing no visible errors. He could not locate any abnormalities in the logging system that could possibly explain the deviation in the system's operation. It felt as though a malicious algorithm had gone rogue within their highly sophisticated system, invisibly gnawing at the nerves of their financial operation. Amidst the chaotic scenario, all Adam was left with was the puzzling riddle of the inexplicable software glitch.","Once upon a time, a curious young child attempted to retrieve a box from a towering wooden structure in the household, often referred to as a 'shelf'. The upper echelon of this furniture, often designated as the 'top shelf', remained as inaccessible to the child as a cloud in the sky. However, the absence of a height increasing device such as a ladder exacerbated the situation. Following various attempts, like repeatedly stretching upwards on the tips of the tiny toes, utilizing chair to climb, all resulted in null conclusion, as the proximity between child and the item of interest remained insufficient. This resulted in raising alarm towards potential risks associated with this precarious climbing attempts such as falling or even knocking the whole shelf down. 

Necessitated by safety and efficiency concerns, an adult representative was hence required to undertake the retrieval process. This expert had an enhanced altitude capacity commonly linked to adulthood, effectively removing the vertical constraint the child was struggling with. Therefore, adult assistance provides a strategic solution to spatial discrepancies inherent in differing developmental stages, when dealing with hard-to-reach spatial configurations such as high shelves."
7,After letting off his rage he sat down like a lamb.,The weather finally became pleasant after the stormy week.,"Seething with anger, Marshall let the full force of his fury lash out like a terrible tempest. A storm of words, fierce and uncontrolled, rained down on anyone unfortunate enough to be within hearing range. Faces distorted with shock as his wrath ricocheted off the grimy walls of the decrepit warehouse. Tension in the room reached an excruciating apex, as the crackling static in the air suggested an imminent eruption of even more terrible proportions.

Then, suddenly, as abruptly as the tumult began, it ceased. Like a natural disaster finally running out of vicious energy, the metaphorical dust in the room slowly settled down. His muscles slacked, the heat visibly evaporating from his bloodshot eyes, he sat down like a lamb. His shoulders gently stooped, knees up against his chest, and a strange calm washed over him. Beneath the neon tube lights his face took on an eerie, angelic serenity, becoming as peaceful as a pasture graced with the purity of a grazing lamb. Despite the fact that his voice moments ago resembled a beast unleashed, he was now strangely tranquil and delicately broken.","After enduring seven grueling days of relentless stormy weather, we've entered an era of calming tranquility where the sun shines blissfully and the air smells of newfound cleanliness. The weather has finally become pleasant after that stormy week. No longer are we prisoners to our homes, sheltering ourselves from the vehement gusts of wind, or the spiteful surge of rains. Instead, we find the newly beckoning outside world, holding its arm out for us to seize the day. We can rejoice in the newly dawned serenity. Let us use this opportunity to explore the environment and engage in those outdoor activities that the hostile weather had deprived us from. Nature's greenery sparkles, showing its most elegant attire, as if encouraging our excursions and welcoming us into its stunning beauty. You must seize this favorable atmosphere before the weather cycles back to its stormy tantrums again. Take advantage of the delight of weather, make a lasting memory under the lovely blue skies and grab a moment of beautiful nature's echo into the pleasant weather after a stormy week. You may even discover, as I have, the often elusive appreciation for the soothing, calming peace that the quiet after the storm can truly bring."
8,After letting off his rage he sat down like a lamb.,After crying the entire night she greeted everyone like sunshine.,"There was a man, intense and furious, a towering tempest in the guise of a human, letting the wrath inside him create an invisible force of intimidation. Every fiber in his body reverberated with anger as he roared in bitter resentment, creating an aura so intense that people couldn't dare glance at his direction. Unleashing the devastating force of his rage, his words, and actions painted a picture of unstoppable fury. Finally, after what felt like eons, he seemed to have spent his supply of rage, the fiery outburst ebbing away, only the husk of his exhausted fury left. His figure seemed to shrink, the cloak of anger lifting from him to reveal an image quite contrasting his previous volatile facade. 

Wearily, he descended into an available seat, his wild eyes now lost and somber, gentleness surprisingly looming in them. He, who moments ago resembled a wrathful deity, now looked akin to a soft, harmless lamb. The fearsome intensity, anger, and frustration now was replaced by tranquility. He seemed chastened, innocently mute; like a lost lamb amidst a throng of imposing crowds, his previous fiery disposition replaced with peaceable compliance and contentment.","The anguish had eaten her entire being last night. Emma's soft sobs turned into wails of despair, streaming freely until her voice became nothing more than a pained whisper. But she did not want the world to see her wounds, she did not want her melancholy to radiate to the people around her. 

So as the first ray of dawn marked the arrival of another day, Emma slipped into her bright sunflower dress. She wiped away her tears, but not her emotions. Tucking the sorrows neatly in a corner of her heart, she opted for an endearing smile and a demeanor that mirrored pure delight. Instead of her nightlong misery, Emma emanated positivity and cheerfulness, becoming an embodiment of radiance as the sun. After crying the entire night, she greeted everyone like sunshine. Through this, she sought not to hide her own pain, but to become a beacon of hope for everyone who crossed her path that day."
