Index,Sentence1,Sentence2,Story1,Story2,Correct_Analogy,Incorrect_Analogy
0,A forest grew near the river.,Many students came to study under the guru.,"Once upon a time, nestled at the elbow of a lazy, winding river, a dense forest unfurled, spreading its serenity around. The majesty of this world of towering giants, entwined with the essence of hallowed secrecy, took the breath away. Murmurs of a millennia-old wisdom hummed through the twisted branches, reaching every corner of the woodland tapestry. Fingers of emerald leaves stretched towards the caress of the sun's dying glow and seemed to tickle the underbelly of the cyan sky. Playful giggles of shimmering light spilled from the thick verdant canopies, casting down dappling smiles onto the welcoming carpet of mossy undergrowth below. Motherly trees arch over the river, reflect their likeness onto the glass-like surface, creating beautiful symmetrical images. This ethereal harmony between the meandering river and the timeless forest sung a breathtaking ballad of Mother Nature herself; a story painted across the tranquil tableau of raw, untouched beauty. This charming river and its enchanting forest offered more than a visual feast—it offered a spiritual journey, for those with the patience to listen, into the mystic whispers of the universe.
","Beneath a haloed moon, in whispering dusk,
Many students came, silently, the spiritual game to play.
To a wise old guru they placed their trust,
His insights, like torchlight cutting the misty fray.
They yearned for truth and wisdom's key,
To journey beyond ignorance and mind's wall,
Each voice, a quest, desiring to be free,
Found silence's solace in the ashram's hall.
Over cups of sacred tea and by the glow of sages past,
Lessons learned under the guidance of guru vast.","- Dense forest <-> Ashram's hall | Explanation: They're the settings in which the stories take place.
- Forest's serenity <-> Silence's solace | Explanation: They both represent the peace found in each location.
- Mother Nature <-> wise old guru | Explanation: They're both sources of wisdom and guidance.
- Spiritual journey <-> Journey beyond ignorance | Explanation: They're the processes of reaching enlightenment in both stories.
- Mystic whispers of the universe <-> Lessons learned under the guidance of guru | Explanation: These are the sources of wisdom and knowledge in each story.","- Lazy, winding river <-> Spiritual game | Explanation: The river is portrayed as the peaceful scene in the first story while the spiritual game is the process the students undertake in the second story. 
- Forest's serenity <-> Wise old guru | Explanation: The serenity is the quality of the forest in the first story, while the guru is the guide in the second story.
- Emerald leaves <-> Sacred tea | Explanation: Emerald leaves are part of the natural beauty in the first story, whereas sacred tea is a part of the guidance process in the second story.
- Mother Nature herself <-> Ignorance | Explanation: Mother Nature is the creator of the beauty in the first story, whereas ignorance is the barrier to overcome in the second story.
- Mystic whispers of the universe <-> Ashram’s hall | Explanation: Mystic whispers of the universe describe the essence of the spiritual journey in the first story, whereas the ashram's hall is the physical location for spiritual learning in the second story."
1,A forest grew near the river.,"First John joined the dinner table for a snack, but soon after he took a fork and knife, filled a plate and started eating. ","Just envision the soothing paradise where a forest grew near the river, a spectacle of nature that is all too rare and delicate. Imagine the dense blanket of emerald green trees stretching as far as the eye could see, intermingling with the sparkles of the azure river flowing alongside. Their symbiotic relationship is not just pleasing to the eye, but is a vibrant ecosystem providing solace to the magnificent creatures it houses. Consider the whispering leaves, gently kissed by the wind, the mirrored river effortlessly singing a lullaby for a tranquil night's rest. Don't we all deserve the sheer pleasure of walking through that verdant blanket, our heart throbbing with the feel of life that courses through the nature surrounding us? The meandering river is much like the serpentine paths we encounter in life, full of turns, swift in pace, reflecting the sky above and enhancing our learning and comprehension. Such bounties of nature need preservation, they're the heritage we need to gift our future generations. Let us work collectively in conserving such resources. A sustainable lifestyle can serve as the root of such action.","In the early evening hours, John had originally planned to have a light nibble during his family dinner, intending only to share in the social engagement rather than a hearty meal. John wasn't particularly hungry to start, he'd had a late lunch that had more or less satiated his hunger for the day. So initially, he slid into his regular place at the end of the dinner table for a modest snack, anticipating an early retreat to his post-dinner responsibilities. Nevertheless, his self-restraint seemed to melt away as soon as his fingers wrapped around the familiar silver cutlery.

The second he felt the cool, reassuring weight of the fork and knife in his hands, an undeniable desire began stirring in his stomach. Against his own early assumptions, John found himself eyeing the hearty array of steaming dishes that adorned the long, oak table before him. Enticed, he filled a plate with savory foods, unable to resist the allure of perfectly roasted meats, warm home-baked bread, and the rich aroma of garden-fresh vegetables and seasoned gravies. John surrendered to the culinary temptation, picking up his utensils, and slowly starting to eat, tasting the tangy, sweet, and spicy flavors exploding in his mouth. His planned evening, that was supposed to consist only of a brief snack at dinner table, became an impromptu, satiating feast.","- Walking through the verdant blanket of nature <-> Sitting on the dinner table | Explanation: the main activities in both stories
- Pleasing the eye <-> Stirring desire in the stomach | Explanation: the senses being appealed to in both stories
- Leaves gently kissed by the wind <-> Fingers wrapped around the familiar silver cutlery | Explanation: tactile sensory detail in both stories
- Azure river flowing <-> Array of steaming dishes | Explanation: primary visual elements inducing intrigue in both stories
- Soothing paradise where a forest grew <-> Family dinner table | Explanation: the settings of both stories
- Preserve the nature <-> Succumbing to culinary temptation | Explanation: the actions being advocated in both stories
- Symbiotic relationship of forest and river <-> Hearty array of foods on the table | Explanation: important relationships in the scenarios
- Sustainable lifestyle <-> Intention of a light nibble | Explanation: original intentions in both stories.","- Soothing paradise <-> John | Explanation: Soothing paradise is the scenario of the first story, John is the subject in the second story.
    - Ecosystem <-> silver cutlery | Explanation: Ecosystem refers to the environment in the first story, silver cutlery is an object/tool in the second story.
    - Forest and River <-> Hearty meal | Explanation: Forest and River are the main elements in the first story, hearty meal is the variable element in the second story. 
    - Walking through the verdant blanket <-> Light Nibble | Explanation: Walking through the verdant blanket is the desired action in the first story, light nibble was the initial plan in the second story. 
    - Preservation <-> Fork and Knife | Explanation: Preservation is the intended action with regards to the environment in the first story, fork and knife are tools used to facilitate eating in the second story."
2,A forest grew near the river.,"Mary opened the huge book at the first page. Before she knew it, had read the whole thing. ","Deep in the serene countryside, an expansive forest flourished beside a pristine river. Its biodiversity made it a vivacious cradle of life, housing various flora and fauna thriving in harmonious balance. Over decades, the fertile loam of the river banks has generously gifted the forest a myriad of hardwood species such as oak, maple and walnut. On a closer scrutiny, this vast ecosystem revealed an impressive labyrinth of interaction. There was a potent juxtaposition of soaring deciduous trees and petite, fragrant bushes flourishing near the water's edge, leveraging its nutrient rich deposit. In the canopied confines of this forest, bird species congregated, filling the verdant expanse with their melodic symphonies. At nighttime, nocturnal animals took over the reign, exhibiting an entirely different aspect of this sylvan habitation. The symbiotic relationships and mutualisms amidst this tranquil forest not only showcase the incredible intricacies of nature but also point to the essential roles rivers often play in maintaining and supporting biodiversity.","With a mysterious anticipation tinging the air around her, Mary gently creaked open the massive tome, revealing the inaugural page. It looked older than time itself, cradled within her petite fingers that trembled slightly. Captivating words were scripted across the pages in a fascinating array, quickly gripping Mary's attention like a moth lured by the temptation of an irresistible flame. Each successive page lured her deeper into the intriguing world the author masterfully painted with his whimsical expressions. Mary lost herself, adrift in a maze of stories, traveling across magical kingdoms, thriving metropolises, and sparkling stardust strewn cosmos. Time dissolved around her, no longer tethering her to reality. Incredibly, almost inconceivably, the last page turned, signaling the end of her extraordinary journey. Mary sat back, dazed and slightly bereft. In a mystic haze, it was as though she'd lived through eons within the brief compass of a single night. With the book completed, a tinge of sadness washed over her as she realized her adventurous reading marathon was at an end.","- Serene countryside, expansive forest <-> Mary | Explanation: In both sentences, they are the main settings or characters. The forest is the main setting in Sentence 1 while Mary's reading journey is the main subject in Sentence 2.
- Pristine River <-> The massive tome | Explanation: The river and the book are both valuable and crucial elements in these stories.
- Biodiversity, housing various flora and fauna <-> Captivating words, intriguing world | Explanation: The diverse life and elements in the forest relate to the fascinating stories and words that Mary encountered in the book.
- Nightime, nocturnal animals take over the reign <-> The last page turned, end of her extraordinary journey, single-night reading marathon | Explanation: In both cases, night brings a change in setting and leads to an end of a period.
- Hardwood species such as oak, maple, and walnut <-> Magical kingdoms, thriving metropolises, and sparkling stardust strewn cosmos | Explanation: The diverse species represent the various settings Mary travels through in the book.
- The symbiotic relationships and mutualisms  <-> Mary lost in maze of stories | Explanation: Both act as highlighting the dynamic and immersive experience of being in a forest and being engrossed in a book.
- Fertile loam of riverbanks <-> Petite fingers | Explanation: Both are associated with the ability to support and nourish—the loam nourishes the forest, and the fingers turn the pages of the book.
- Canopied confines of the forest <-> Paperback confines of the tome | Explanation: Both provide a rich, immersive environment.","- Expansive forest <-> Mary | Explanation: Expansive forest is the location in the first story, whereas Mary is the main character in the second story.
    - Pristine river <-> Massive tome | Explanation: Pristine river is a significant element in the first story, whereas the massive tome is the object in the second story.
    - Nighttime <-> Inaugural page | Explanation: Nighttime refers to a specific time period in the first story, whereas inaugural page is part of a book in the second story.
    - Biodiversity <-> Mysterious anticipation | Explanation: Biodiversity represents the variety of life in the forest in the first story, whereas mysterious anticipation refers to Mary's feelings in the second story.
    - Flora and fauna <-> Magical kingdoms | Explanation: Flora and fauna are part of the forest's environment in the first story, whereas magical kingdoms represent the setting in the book in the second story."
3,A forest grew near the river.,Andy opened the window blinds to see the sun rising. The dark room was brighly lit in a few hours.,"The sense of peace and tranquility surrounding a locale is often tethered to its natural attributes. In the instance of the forest growing near the river, it’s as if nature itself decided to stitch a portrait of surreal beauty. Majestic trees looming in rich green hues create a delightful backdrop, their serene rustling harmonizing with the burble of the slowly streaming river. Moreover, the position of the river gifts the forest with the verve that only water can provide; the flourish of varied flora and the proliferation of wildlife around this particular forest landscape is a testament to its ecological bounty. It's also enchanting how each morning, wisps of gentle fog would blur the boundary between river and forest, rendering an ethereal vision. As the seasons roll in and out, this nearby river presents itself differently - sometimes overflowing with vigorous life, other times emanating tranquility in the crispness of winter, leaving a visually-stimulating impact on the forest and visitor alike. More than a destination for recreational exploration, this location swells as a love letter from mother nature, charming those lucky enough to stumble upon this intertwined duet of the forest and river.","Andy, an avid enthusiast of nature, initiated his day by pulling the blinds open to view the sensational spectacle of the sunrise. A beautiful orange hue played with the sky, while he relished the metamorphosis of the dark surroundings slowly filling up with light. His abode, until a moment ago, had been a realm of darkness, transcending into a dimly lit sanctuary under the moon's sallow touch. But with the coming of dawn, the room transformed dramatically.

As time drifted, and the sun assumed a loftier position in the sky, the early soft warm colors melted away into a brilliant, iridescent sunlight. No longer did Andy's room carry an ambiance of silence and mystique of the night. Instead, it embraced the liveliness and vivacity of daylight. Illuminated brightly within a few hours, it was a witness to the wonderful transition between night and day that one often overlooks in the hustle and bustle of daily life. Such was Andy's morning ritual - to not just watch, but appreciate the beauty and charm in each passing moment, marking the end of darkness and the advent of light.","- Forest near the river <-> Andy's room | Explanation: both are the central locations in each narrative
- Change of seasons <-> Transition between night and day | Explanation: both narratives depict the passage of time and change as it affects their respective environments
- Majestic trees, the river, and associated wildlife <-> Sunrise, natural light, and its effects | Explanation: those are the primary natural elements in each narrative that bring life and exceptional beauty to the location
- ""Love letter from mother nature"" <-> Andy's appreciation of the sunrise | Explanation: both capture an emotional, appreciative response towards nature's beauty
- Effect of the forest and river on the visitors <-> Effect of the sunrise and daylight on Andy's room | Explanation: these narrations describe the impact and transformation that the primary natural elements bring to each location.","- Forest growing near the river <-> Beautiful orange hue | Explanation: The forest growing near the river describes the location and setting in the first scenario, while a beautiful orange hue describes a phenomenon occurring within the second scenario.
- Majestic trees <-> Andy's room | Explanation: Majestic trees represent a characteristic aspect of the described scenery in the first scenario, whereas Andy's room is a particular location in the second scenario.
- The transition of seasons <-> Morning ritual | Explanation: The transition of seasons represents a dynamic occurring over time in the first scenario, contrary to the morning ritual which is Andy's consistent practice in the second scenario.
- Love letter from mother nature <-> End of darkness and the advent of light | Explanation: A love letter from mother nature is a metaphorical portrayal of the forest and river combination in the first scenario, while the end of darkness and the advent of light represent a transition seen through Andy's morning in the second scenario."
4,A forest grew near the river.,A large suburban communtiy grew just outside the the metropolitan side of the city over the past few decade.,"Once upon a time, a flourishing forest grew near the serenity of a twinkling river. The forest was alive with tall trees brushing against the azure heavens above and with the bustle of woodland creatures going about their daily business. The river, gently meandering past the wood's edge, echoed tranquility in each of its splash and burble. Often, under the shadow of an ancient oak tree, a quiet fawn came to lap water under the doting gaze of its mother. Every sunrise, swallows came swooping low, scattering droplets of pure radiance across the river and forest.

However, this peace was occasionally interrupted when the river swelled under the silver gray rain clouds, reminding everyone of her indomitable existence. She would rush along, sweeping away fallen leaves and forcing little creatures to take shelter. And when calmness resumed, it often left the forest reborn, with crisper air and richer soil. Yes, this remarkable place was a scene from a timeless watercolor, a union of a magnificent forest and a mystical river; silent spectators of many lifetimes. The forest near the river was more than mere trees and water; it was a little haven, a beating heart pulsating with countless stories yet to unfold.","Over the past several decades, a large suburban community burgeoned just outside the metropolitan area. The influx of suburbanites cultivating their dreams created an eclectic mix of urban convenience with suburban serenity. Packed with modish amenities and green spaces, this new residential oasis, flush against the thriving, bustling city, attracts a fascinating mixture of professionals, creatives, and families. Every brick that builds their houses seems to be a story waiting to unravel of people that brought forth development.  

Strikingly, this burgeoning locale flawlessly marries the urban delights of the neighboring metropolis with the verdant serenity typical of the suburban idyll. Today, this formerly quaint rural expanse holds multifarious establishments from trendy shops to dining establishments that add to its appeal. I marvel at how gracefully the suburbia metamorphosed over the years. The integration of contemporary living standards on the verge of a metropolitan region tells the remarkable tale of city expansion in its own unique and extraordinary narrative.","- Forest <-> Suburban community | Explanation: they are the two main settings in both stories
- River <-> Metropolitan area | Explanation: they are the secondary settings that affect the main setting in both stories
- Woodland creatures <-> Suburbanites/Professionals, creatives, and families | Explanation: they are the inhabitants of the main settings in the stories
- Flourishing forest and tranquil river <-> Suburban serenity and urban conveniences | Explanation: Describes the idyllic elements of both settings in both stories
- Creature's shelters <-> Houses | Explanation: They serve as the dwellings of the inhabitants in both stories
- Silver gray rain clouds <-> City expansion | Explanation: They cause changes and development in both stories. 
- Ancient oak tree <-> Metropolitan region | Explanation: They are physical entities that have significant presence in both stories.
- Swelling river cleansing the forest <-> Suburbia's integration of contemporary living standards | Explanation: Both describe changes that enhance their respective areas. 
- Droplets scattered by swallows <-> Urban delights of neighboring metropolis | Explanation: Both add elements of beauty and charm to their respective stories. 
- Forest's rebirth <-> Suburbia’s metamorphosis | Explanation: this represents the transformative factor in both environments over time.","- Azure heavens above <-> Suburbanites | Explanation: The azure heavens is a feature of the environment in the first story, whereas suburbanites are the people living in the environment in the second story.
    - River swelling under the rain clouds <-> Urban convenience | Explanation: The river swelling under the rain clouds is an event in nature in the first scenario, whereas urban convenience is a characteristic of the living experience in the second scenario.
    - Quiet fawn <-> Trendy shops | Explanation: The quiet fawn is a creature in the first story, while trendy shops are a part of the infrastructure in the second story.
    - Woodland creatures <-> Metamorphosis over the years | Explanation: Woodland creatures are the inhabitants of the first story, whereas the metamorphosis over the years is a process that occurred in the second story."
5,A golden sun shines high in the sky.,The sharpest employees reach the top of the ladder.,"The world comes alive when the golden sun shines high in the sky. It signals the beginning of a brand new day, encouraging the inhabitants of the earth to emerge from their slumber and start their daily activities. Its intense illumination unfurls the brilliance of colors around; the blues become bluer and the greens get greener. With every minute passing under the sunshine, plants photosynthesize more energetically, producing a clean, oxygen-rich atmosphere. Children in their gardens, revel in this vivacity, as the sun aids their joyful games by providing ample light. Despite the scorching heat it brings in midday, humanity cherishes this supreme source of energy, relying heavily on it for warmth, light and sustenance. Towards the evening, as the golden sun begins to descend, it paints the sky with hues of orange and pink, eventually plunging the world into darkness, until it returns again to continue the cycle. So, the presence of the golden sun high in the sky has significant effects on Earth and its inhabitants, directly and indirectly.","In the world of highly competitive corporate landscapes, only the most perspicuous and sharp-minded individuals attain top-tier positions - the metaphorical 'top of the ladder.' These elite employees utilize an array of both technical expertise and savvy leadership traits, staying consistently committed to the innovation and excellence their positions require. However, reaching the apex of this professional ladder doesn't simply imply the grasping of lofty titles; it's a multifaceted process requiring the polishing of industry-specific knowledge and continuous learning. Career advancement, after all, involves solving complex challenges, managing disparate teams, and developing strategies that set the path of organizational growth. Cutting-edge technological literacy, the ability to handle office politics effectively, and strategic acumen play instrumental roles in this ascent. These successful professionals also balance exceptional interpersonal skills with results-driven work ethics, augmenting both team performance and personal growth. Ergo, only the sharpest of employees make it to the top, a testament to their diligent hard work, sharp acumen, and adaptability.","- Golden sun shining high <-> Elite employees reaching top-tier positions | Explanation: Both represent reaching a high point or peak
- Beginning of a new day <-> Attaining top-tier positions | Explanation: Both imply the beginning of new opportunities or experiences
- The intense illumination unfurls the brilliance of colors around <-> Successful professionals balancing exceptional interpersonal skills with results-driven work ethics | Explanation: Both descriptions emphasize the enhancement or unleashing of something, whether it is brilliance of colors or workplace skills
- Every minute passing under the sunshine, plants photosynthesize more energetically <-> Career advancement involves solving complex challenges | Explanation: Both scenarios highlight continuous processes that require effort and are beneficial
- Humans relying on the sun's energy <-> Employees needing technical expertise and savvy leadership traits | Explanation: Both highlight the reliance on necessary skills or energy sources
- Evening, when the sun descends, painting the sky orange and pink <-> Successful professionals navigating office politics effectively | Explanation: Both scenarios involve dealing with transitions or changes in a positive or productive way
- World plunging into darkness until the sun returns again <-> Challenges and setbacks in the corporate world until the professionals overcome them | Explanation: Both imply a cycle of difficulties and overcoming them.","- Golden sun shining high in the sky <-> Top-tier positions | Explanation: Golden sun shining high is a natural phenomenon in the first story, top-tier positions is a professional pinnacle in the second story.
- Scorching heat of midday <-> Technical expertise and savvy leadership traits | Explanation: Scorching heat of midday is an aspect of the sun's presence in the first story, whereas technical expertise and savvy leadership traits are qualities needed for professional success in the second story.
- World coming alive <-> Office politics | Explanation: World coming alive is a result of the sun being high in the sky in the first story, whereas office politics are part of the professional landscape in the second story.
- Children in their gardens <-> Exceptional interpersonal skills | Explanation: Children in their gardens are a group affected by the sun in the first story, while exceptional interpersonal skills are an important quality for professional advancement in the second story."
6,Adam did not understand the root of the crisis.,The child could not reach the top shelf.,"In the heart of an international financial firm, Adam, the lead software engineer, was in an outright state of confusion. A significant software glitch had occurred, triggering a financial crisis that was leaking substantial company resources. Unexpected transactions started to spiral out of control as the malfunctioning software began distorting fiscal numbers dramatically. Despite his impressive expertise and technical prowess, Adam did not understand the root of the crisis. 

All attempts to uncover the source of the catastrophic software failure had led to more questions than answers. From his preliminary diagnostics, the codebase for their software systems appeared to be robust, showing no visible errors. He could not locate any abnormalities in the logging system that could possibly explain the deviation in the system's operation. It felt as though a malicious algorithm had gone rogue within their highly sophisticated system, invisibly gnawing at the nerves of their financial operation. Amidst the chaotic scenario, all Adam was left with was the puzzling riddle of the inexplicable software glitch.","Once upon a time, a curious young child attempted to retrieve a box from a towering wooden structure in the household, often referred to as a 'shelf'. The upper echelon of this furniture, often designated as the 'top shelf', remained as inaccessible to the child as a cloud in the sky. However, the absence of a height increasing device such as a ladder exacerbated the situation. Following various attempts, like repeatedly stretching upwards on the tips of the tiny toes, utilizing chair to climb, all resulted in null conclusion, as the proximity between child and the item of interest remained insufficient. This resulted in raising alarm towards potential risks associated with this precarious climbing attempts such as falling or even knocking the whole shelf down. 

Necessitated by safety and efficiency concerns, an adult representative was hence required to undertake the retrieval process. This expert had an enhanced altitude capacity commonly linked to adulthood, effectively removing the vertical constraint the child was struggling with. Therefore, adult assistance provides a strategic solution to spatial discrepancies inherent in differing developmental stages, when dealing with hard-to-reach spatial configurations such as high shelves.","- Adam <-> Adult representative | Explanation: they are both the experts in their respective situations
- Software glitch <-> Box on the top shelf | Explanation: they are both the problem that needs to be solved or retrieved in the respective situations
- Financial firm <-> Household | Explanation: they are both the place where the problem occurred or needs to be solved
- The software system <-> towering wooden structure (shelf) | Explanation: they are both the 'container' or space where the problem lies
- Adam unable to understand the root of the crisis <-> Child's incapability to reach the box | Explanation: their challenges in the respective situations
- Unexpected transactions and distortions in fiscal numbers <-> Risks associated with precarious climbing attempts | Explanation: the undesirable outcomes resulting from problems in both scenarios.","- Adam <-> The box | Explanation: Adam is an individual who is a subject in the first story, whereas the box is the item to be taken down in the second story.
- Software glitch <-> Child | Explanation: Software glitch is the problem in the first story, whereas the child is the subject being assisted in the second story.
- International financial firm <-> High shelf | Explanation: International financial firm is the setting in the first story, high shelf is the problem location in the second story. 
- Software engineer <-> Ladder | Explanation: Software engineer is Adam's profession in the first story, ladder is a height increasing device in the second story."
7,After letting off his rage he sat down like a lamb.,The weather finally became pleasant after the stormy week.,"Seething with anger, Marshall let the full force of his fury lash out like a terrible tempest. A storm of words, fierce and uncontrolled, rained down on anyone unfortunate enough to be within hearing range. Faces distorted with shock as his wrath ricocheted off the grimy walls of the decrepit warehouse. Tension in the room reached an excruciating apex, as the crackling static in the air suggested an imminent eruption of even more terrible proportions.

Then, suddenly, as abruptly as the tumult began, it ceased. Like a natural disaster finally running out of vicious energy, the metaphorical dust in the room slowly settled down. His muscles slacked, the heat visibly evaporating from his bloodshot eyes, he sat down like a lamb. His shoulders gently stooped, knees up against his chest, and a strange calm washed over him. Beneath the neon tube lights his face took on an eerie, angelic serenity, becoming as peaceful as a pasture graced with the purity of a grazing lamb. Despite the fact that his voice moments ago resembled a beast unleashed, he was now strangely tranquil and delicately broken.","After enduring seven grueling days of relentless stormy weather, we've entered an era of calming tranquility where the sun shines blissfully and the air smells of newfound cleanliness. The weather has finally become pleasant after that stormy week. No longer are we prisoners to our homes, sheltering ourselves from the vehement gusts of wind, or the spiteful surge of rains. Instead, we find the newly beckoning outside world, holding its arm out for us to seize the day. We can rejoice in the newly dawned serenity. Let us use this opportunity to explore the environment and engage in those outdoor activities that the hostile weather had deprived us from. Nature's greenery sparkles, showing its most elegant attire, as if encouraging our excursions and welcoming us into its stunning beauty. You must seize this favorable atmosphere before the weather cycles back to its stormy tantrums again. Take advantage of the delight of weather, make a lasting memory under the lovely blue skies and grab a moment of beautiful nature's echo into the pleasant weather after a stormy week. You may even discover, as I have, the often elusive appreciation for the soothing, calming peace that the quiet after the storm can truly bring.","- Marshall <-> The stormy weather | Explanation: Both are the sources of turbulence and chaos in their respective settings
- Marshall's fury <-> Stormy weather | Explanation: Both are regarded as destructive and damaging in the initial parts of the stories
- The decrepit warehouse <-> Our homes | Explanation: Both are the settings where the storm, metaphorical and literal respectively, takes place
- Marshall lashing out <-> Relentless stormy weather | Explanation: Both events cause discomfort and tension in their respective settings
- Calmness washing over Marshall <-> Era of calming tranquility | Explanation: Both signify a transfer from a turbulent phase to a peaceful one
- Marshall's tranquility and serenity <-> Pleasant weather | Explanation: Both depict a calm and serene situation after the storm. Both depict the change from a chaotic phase to a calm one. 
- His face's eerie, angelic serenity <-> Nature's greenery sparkling | Explanation: Both signify a return of peace, tranquility and provide a soothing visual after the period of turmoil. 
- Marshall's change from chaotic fury to calm serenity <-> The change from stormy weather to pleasant weather | Explanation: Both represent transformations from an initial destructive state to a subsequent calm and serene one.","- Vehement gusts of wind <-> His muscles slacked | Explanation: Vehement gusts of wind are part of the adverse conditions in the second story, whereas his muscles slacking indicates the calming down in the first story.
    - Stormy weather <-> Faces distorted with shock | Explanation: Stormy weather is the difficult period in the second story, while faces distorted in shock illustrates the impact of the subject's anger in the first story.
    - Calming tranquility <-> Marshall's fury | Explanation: Calming tranquility is the favorable condition in the second story. In contrast, Marshall's fury is the intense emotion in the first story.
    - Appreciation for the soothing calm <-> terrible tempest of words | Explanation: Appreciation for soothing calm is a positive sentiment experienced in the second story, while terrible tempest of words represents negative, destructive behavior in the first story."
8,After letting off his rage he sat down like a lamb.,After crying the entire night she greeted everyone like sunshine.,"There was a man, intense and furious, a towering tempest in the guise of a human, letting the wrath inside him create an invisible force of intimidation. Every fiber in his body reverberated with anger as he roared in bitter resentment, creating an aura so intense that people couldn't dare glance at his direction. Unleashing the devastating force of his rage, his words, and actions painted a picture of unstoppable fury. Finally, after what felt like eons, he seemed to have spent his supply of rage, the fiery outburst ebbing away, only the husk of his exhausted fury left. His figure seemed to shrink, the cloak of anger lifting from him to reveal an image quite contrasting his previous volatile facade. 

Wearily, he descended into an available seat, his wild eyes now lost and somber, gentleness surprisingly looming in them. He, who moments ago resembled a wrathful deity, now looked akin to a soft, harmless lamb. The fearsome intensity, anger, and frustration now was replaced by tranquility. He seemed chastened, innocently mute; like a lost lamb amidst a throng of imposing crowds, his previous fiery disposition replaced with peaceable compliance and contentment.","The anguish had eaten her entire being last night. Emma's soft sobs turned into wails of despair, streaming freely until her voice became nothing more than a pained whisper. But she did not want the world to see her wounds, she did not want her melancholy to radiate to the people around her. 

So as the first ray of dawn marked the arrival of another day, Emma slipped into her bright sunflower dress. She wiped away her tears, but not her emotions. Tucking the sorrows neatly in a corner of her heart, she opted for an endearing smile and a demeanor that mirrored pure delight. Instead of her nightlong misery, Emma emanated positivity and cheerfulness, becoming an embodiment of radiance as the sun. After crying the entire night, she greeted everyone like sunshine. Through this, she sought not to hide her own pain, but to become a beacon of hope for everyone who crossed her path that day.","- Man <-> Emma | Explanation: both are the main characters in each story who undergo emotional transformation
- Anger <-> Anguish | Explanation: these are the original emotions that the main characters are feeling
- Tranquility <-> Positivity and Cheerfulness | Explanation: this is the state that both characters end in after their transformations
- Roaring with resentment <-> Crying throughout the night | Explanation: these are the physical manifestations of the original emotions of the main characters.
- Invisibility of the man's fury <-> Emma's hidden melancholy | Explanation: both characters mask their painful emotions and do not wish to let others see them
- Soft and harmless lamb <-> Sunshine | Explanation: these are the images used to describe the characters after their emotional transformations.","- A towering tempest in the guise of a human <-> Bright sunflower dress | Explanation: In the first sentence, the man is described metaphorically invoking a stormy imagery while in the second scenario, Emma's dress is mentioned, which is a completely unrelated aspect.
    - Rage <-> Emma | Explanation: Rage is the emotion being depicted in the first sentence, whereas Emma is the individual in the second scenario.
    - Wrathful deity <-> Wails of despair | Explanation: In the first scenario, a wrathful deity is used as a metaphor, and in the second one, the wails of despair is a manifestation of emotion.
    - Replaced with peaceable compliance and contentment <-> Streaming freely | Explanation: Replacement with peaceable compliance and contentment is describing a man's transition in emotions, whereas streaming freely refers to tears flowing in the second scenario."
